ischiatransferservice.it/index.html,https://ischiatransferservice.it/,301,TRUE
www.ischiatransferservice.it/index.html,https://ischiatransferservice.it/,301,TRUE
ischiatransferservice.it/en/index.html,https://ischiatransferservice.it/en/,301,TRUE
www.ischiatransferservice.it/en/index.html,https://ischiatransferservice.it/en/,301,TRUE
ischiatransferservice.it/contatti.html,https://ischiatransferservice.it/contatti,301,TRUE
www.ischiatransferservice.it/contatti.html,https://ischiatransferservice.it/contatti,301,TRUE
ischiatransferservice.it/cookie-policy.html,https://ischiatransferservice.it/cookie-policy,301,TRUE
www.ischiatransferservice.it/cookie-policy.html,https://ischiatransferservice.it/cookie-policy,301,TRUE
ischiatransferservice.it/data-deletion.html,https://ischiatransferservice.it/data-deletion,301,TRUE
www.ischiatransferservice.it/data-deletion.html,https://ischiatransferservice.it/data-deletion,301,TRUE
ischiatransferservice.it/escursioni.html,https://ischiatransferservice.it/escursioni,301,TRUE
www.ischiatransferservice.it/escursioni.html,https://ischiatransferservice.it/escursioni,301,TRUE
ischiatransferservice.it/linee-bus.html,https://ischiatransferservice.it/linee-bus,301,TRUE
www.ischiatransferservice.it/linee-bus.html,https://ischiatransferservice.it/linee-bus,301,TRUE
ischiatransferservice.it/naples-airport-transfer-amalfi-coast.html,https://ischiatransferservice.it/naples-airport-transfer-amalfi-coast,301,TRUE
www.ischiatransferservice.it/naples-airport-transfer-amalfi-coast.html,https://ischiatransferservice.it/naples-airport-transfer-amalfi-coast,301,TRUE
ischiatransferservice.it/naples-airport-transfer-capri.html,https://ischiatransferservice.it/naples-airport-transfer-capri,301,TRUE
www.ischiatransferservice.it/naples-airport-transfer-capri.html,https://ischiatransferservice.it/naples-airport-transfer-capri,301,TRUE
ischiatransferservice.it/privacy-policy.html,https://ischiatransferservice.it/privacy-policy,301,TRUE
www.ischiatransferservice.it/privacy-policy.html,https://ischiatransferservice.it/privacy-policy,301,TRUE
ischiatransferservice.it/transfer-capri.html,https://ischiatransferservice.it/transfer-capri,301,TRUE
www.ischiatransferservice.it/transfer-capri.html,https://ischiatransferservice.it/transfer-capri,301,TRUE
ischiatransferservice.it/transfer-costiera-amalfitana.html,https://ischiatransferservice.it/transfer-costiera-amalfitana,301,TRUE
www.ischiatransferservice.it/transfer-costiera-amalfitana.html,https://ischiatransferservice.it/transfer-costiera-amalfitana,301,TRUE
ischiatransferservice.it/transfer-gruppi-ischia.html,https://ischiatransferservice.it/transfer-gruppi-ischia,301,TRUE
www.ischiatransferservice.it/transfer-gruppi-ischia.html,https://ischiatransferservice.it/transfer-gruppi-ischia,301,TRUE
ischiatransferservice.it/transfer-ischia-hotel.html,https://ischiatransferservice.it/transfer-ischia-hotel,301,TRUE
www.ischiatransferservice.it/transfer-ischia-hotel.html,https://ischiatransferservice.it/transfer-ischia-hotel,301,TRUE
ischiatransferservice.it/transfer-ischia.html,https://ischiatransferservice.it/transfer-ischia,301,TRUE
www.ischiatransferservice.it/transfer-ischia.html,https://ischiatransferservice.it/transfer-ischia,301,TRUE
ischiatransferservice.it/transfer-napoli-aeroporto-porto.html,https://ischiatransferservice.it/transfer-napoli-aeroporto-porto,301,TRUE
www.ischiatransferservice.it/transfer-napoli-aeroporto-porto.html,https://ischiatransferservice.it/transfer-napoli-aeroporto-porto,301,TRUE
ischiatransferservice.it/transfer-napoli-aeroporto.html,https://ischiatransferservice.it/transfer-napoli-aeroporto,301,TRUE
www.ischiatransferservice.it/transfer-napoli-aeroporto.html,https://ischiatransferservice.it/transfer-napoli-aeroporto,301,TRUE
ischiatransferservice.it/transfer-napoli-ischia.html,https://ischiatransferservice.it/transfer-napoli-ischia,301,TRUE
www.ischiatransferservice.it/transfer-napoli-ischia.html,https://ischiatransferservice.it/transfer-napoli-ischia,301,TRUE
ischiatransferservice.it/transfer-porto-ischia-hotel.html,https://ischiatransferservice.it/transfer-porto-ischia-hotel,301,TRUE
www.ischiatransferservice.it/transfer-porto-ischia-hotel.html,https://ischiatransferservice.it/transfer-porto-ischia-hotel,301,TRUE
ischiatransferservice.it/transfer-privato-ischia.html,https://ischiatransferservice.it/transfer-privato-ischia,301,TRUE
www.ischiatransferservice.it/transfer-privato-ischia.html,https://ischiatransferservice.it/transfer-privato-ischia,301,TRUE
ischiatransferservice.it/transfer-procida.html,https://ischiatransferservice.it/transfer-procida,301,TRUE
www.ischiatransferservice.it/transfer-procida.html,https://ischiatransferservice.it/transfer-procida,301,TRUE
ischiatransferservice.it/transfer-stazione-napoli-ischia.html,https://ischiatransferservice.it/transfer-stazione-napoli-ischia,301,TRUE
www.ischiatransferservice.it/transfer-stazione-napoli-ischia.html,https://ischiatransferservice.it/transfer-stazione-napoli-ischia,301,TRUE
ischiatransferservice.it/transfer-stazione-napoli.html,https://ischiatransferservice.it/transfer-stazione-napoli,301,TRUE
www.ischiatransferservice.it/transfer-stazione-napoli.html,https://ischiatransferservice.it/transfer-stazione-napoli,301,TRUE
ischiatransferservice.it/en/contacts.html,https://ischiatransferservice.it/en/contacts,301,TRUE
www.ischiatransferservice.it/en/contacts.html,https://ischiatransferservice.it/en/contacts,301,TRUE
ischiatransferservice.it/en/cookie-policy.html,https://ischiatransferservice.it/en/cookie-policy,301,TRUE
www.ischiatransferservice.it/en/cookie-policy.html,https://ischiatransferservice.it/en/cookie-policy,301,TRUE
ischiatransferservice.it/en/data-deletion.html,https://ischiatransferservice.it/en/data-deletion,301,TRUE
www.ischiatransferservice.it/en/data-deletion.html,https://ischiatransferservice.it/en/data-deletion,301,TRUE
ischiatransferservice.it/en/excursions.html,https://ischiatransferservice.it/en/excursions,301,TRUE
www.ischiatransferservice.it/en/excursions.html,https://ischiatransferservice.it/en/excursions,301,TRUE
ischiatransferservice.it/en/naples-airport-to-ischia-transfer.html,https://ischiatransferservice.it/en/naples-airport-to-ischia-transfer,301,TRUE
www.ischiatransferservice.it/en/naples-airport-to-ischia-transfer.html,https://ischiatransferservice.it/en/naples-airport-to-ischia-transfer,301,TRUE
ischiatransferservice.it/en/naples-airport-transfer-amalfi-coast.html,https://ischiatransferservice.it/en/naples-airport-transfer-amalfi-coast,301,TRUE
www.ischiatransferservice.it/en/naples-airport-transfer-amalfi-coast.html,https://ischiatransferservice.it/en/naples-airport-transfer-amalfi-coast,301,TRUE
ischiatransferservice.it/en/naples-airport-transfer-capri.html,https://ischiatransferservice.it/en/naples-airport-transfer-capri,301,TRUE
www.ischiatransferservice.it/en/naples-airport-transfer-capri.html,https://ischiatransferservice.it/en/naples-airport-transfer-capri,301,TRUE
ischiatransferservice.it/en/transfer-capri.html,https://ischiatransferservice.it/en/transfer-capri,301,TRUE
www.ischiatransferservice.it/en/transfer-capri.html,https://ischiatransferservice.it/en/transfer-capri,301,TRUE
ischiatransferservice.it/en/transfer-costiera-amalfitana.html,https://ischiatransferservice.it/en/transfer-costiera-amalfitana,301,TRUE
www.ischiatransferservice.it/en/transfer-costiera-amalfitana.html,https://ischiatransferservice.it/en/transfer-costiera-amalfitana,301,TRUE
ischiatransferservice.it/en/transfer-gruppi-ischia.html,https://ischiatransferservice.it/en/transfer-gruppi-ischia,301,TRUE
www.ischiatransferservice.it/en/transfer-gruppi-ischia.html,https://ischiatransferservice.it/en/transfer-gruppi-ischia,301,TRUE
ischiatransferservice.it/en/transfer-ischia-hotel.html,https://ischiatransferservice.it/en/transfer-ischia-hotel,301,TRUE
www.ischiatransferservice.it/en/transfer-ischia-hotel.html,https://ischiatransferservice.it/en/transfer-ischia-hotel,301,TRUE
ischiatransferservice.it/en/transfer-ischia.html,https://ischiatransferservice.it/en/transfer-ischia,301,TRUE
www.ischiatransferservice.it/en/transfer-ischia.html,https://ischiatransferservice.it/en/transfer-ischia,301,TRUE
ischiatransferservice.it/en/transfer-naples-airport-port.html,https://ischiatransferservice.it/en/transfer-naples-airport-port,301,TRUE
www.ischiatransferservice.it/en/transfer-naples-airport-port.html,https://ischiatransferservice.it/en/transfer-naples-airport-port,301,TRUE
ischiatransferservice.it/en/transfer-naples-train-station-ischia.html,https://ischiatransferservice.it/en/transfer-naples-train-station-ischia,301,TRUE
www.ischiatransferservice.it/en/transfer-naples-train-station-ischia.html,https://ischiatransferservice.it/en/transfer-naples-train-station-ischia,301,TRUE
ischiatransferservice.it/en/transfer-napoli-ischia.html,https://ischiatransferservice.it/en/transfer-napoli-ischia,301,TRUE
www.ischiatransferservice.it/en/transfer-napoli-ischia.html,https://ischiatransferservice.it/en/transfer-napoli-ischia,301,TRUE
ischiatransferservice.it/en/transfer-porto-ischia-hotel.html,https://ischiatransferservice.it/en/transfer-porto-ischia-hotel,301,TRUE
www.ischiatransferservice.it/en/transfer-porto-ischia-hotel.html,https://ischiatransferservice.it/en/transfer-porto-ischia-hotel,301,TRUE
ischiatransferservice.it/en/transfer-privato-ischia.html,https://ischiatransferservice.it/en/transfer-privato-ischia,301,TRUE
www.ischiatransferservice.it/en/transfer-privato-ischia.html,https://ischiatransferservice.it/en/transfer-privato-ischia,301,TRUE
ischiatransferservice.it/en/transfer-procida.html,https://ischiatransferservice.it/en/transfer-procida,301,TRUE
www.ischiatransferservice.it/en/transfer-procida.html,https://ischiatransferservice.it/en/transfer-procida,301,TRUE
ischiatransferservice.it/en/transfer-stazione-napoli.html,https://ischiatransferservice.it/en/transfer-stazione-napoli,301,TRUE
www.ischiatransferservice.it/en/transfer-stazione-napoli.html,https://ischiatransferservice.it/en/transfer-stazione-napoli,301,TRUE
www.ischiatransferservice.it,https://ischiatransferservice.it,301,TRUE,FALSE,TRUE,TRUE
